date,data,gen_summary
2023-11-05,"The price of Bitcoin today is 35393.84, and yesterday's price is 35278.07. Today's news articles discuss the following key points: According to a new post, There was a fake ledger app on the Microsoft store that has stolen $588,000 so far in Bitcoin.",":
The price of Bitcoin has remained relatively stable over the past two days, which could be a sign of stability in the market. However, the news of the fake ledger app scam could have a negative impact on the price of Bitcoin. The fact that the scam has already stolen over $588,000 in Bitcoin suggests that the impact could be significant. Additionally, the fact that the scam was able to go undetected for some time could lead to a loss of confidence in the security of Bitcoin, which could also negatively impact the price."
2023-11-06,"The price of Bitcoin today is 35288.36, and yesterday's price is 35393.84. Today's news articles discuss the following key points: The Dow, Nasdaq, and S&P 500 are all coming off of their strongest weekly performance of the year, with each gaining more than 5%. : Markets are looking for a new catalyst to drive fresh gains after a big week. Morgan Stanley and JPMorgan both warned the rally looks set to fade. : With immense anticipation building around Bitcoin spot ETF approval in the United States, one team of pioneers has developed a token directly linked to the Bitcoin ETF approval. Introducing Bitcoin ETF Token (BTCETF), a new project that rewards users as the E…",":
The price of Bitcoin has seen a minor decrease from yesterday, but overall, the market appears to be bullish. The strong performance of the Dow, Nasdaq, and S&P 500 suggests that investors are optimistic about the future of the market. However, Morgan Stanley and JPMorgan's warnings could indicate that the rally may slow down or fade in the near future.

The approval of a Bitcoin spot ETF in the US could have a significant impact on the price of Bitcoin. As the articles suggest, there is already growing anticipation around this event, and the development of the Bitcoin ETF Token (BTCETF) highlights the potential for increased interest in the cryptocurrency. If the ETF is approved, it could lead to increased institutional investment and mainstream adoption, which could drive up the price of Bitcoin.

However, it's important to note that the approval of the ETF is still uncertain, and there may be regulatory hurdles to overcome. Additionally, the warnings from Morgan Stanley and JPMorgan suggest that the market may be overvalued, which could lead to a decrease in the price of Bitcoin if the rally does fade.

In conclusion, while the price of Bitcoin has seen a minor decrease from yesterday, the overall market appears to be bullish. The approval of a Bitcoin spot ETF could have a significant impact on the price of Bitcoin, but it's important to consider the regulatory hurdles and potential market volatility."
2023-11-07,"The price of Bitcoin today is 35929.83, and yesterday's price is 35288.36. Today's news articles discuss the following key points: Long-time Slashdot reader UnknowingFool writes: Coinbase, America's largest cryptocurrency exchange, has announced they are completely removing all support for Bitcoin SV (BSV) by January 9. All current holders of that cryptocurrency on the exchange will need… : Cashing in on a stunning price rally, bitcoin miners sold all the tokens they minted in October, amounting to 15,492 worth $164 million. : ""We haven't completely solved the inflation problem,"" Minneapolis Fed president Neel Kashkari said on Monday. : Want to level up your crypto convo game? We've got you covered. : Legendary bitcoin and crypto trader Arthur Hayes has warned that bitcoin and crypto could be sleepwalking toward ""massive calamity,"" warning BlackRock and the U.S. could be about to ""kill"" bitcoin... : Remote development for software solutions is on the rise, and it is changing the way companies hire. This trend is […]
The post The Rise of Remote Developers: Trends and Statistics appeared first on ReadWrite.",":
The news articles today provide insight into the current state of the Bitcoin market and the potential impact of various factors on its price. Coinbase's decision to remove support for BSV could potentially impact the price of Bitcoin, as it may lead to a decrease in the circulating supply of BSV and a shift in investor attention towards other cryptocurrencies. The sale of 15,492 Bitcoin tokens worth $164 million by miners may also have a positive impact on the price, as it demonstrates continued interest in Bitcoin and the mining industry.

The warning of a potential ""massive calamity"" for Bitcoin and crypto by Arthur Hayes is concerning, as it suggests that there may be external factors that could negatively impact the price of Bitcoin. However, it is important to note that Hayes is a well-known and respected figure in the cryptocurrency space, and his warnings should be taken seriously.

Overall, the news articles today provide a mixed picture of the Bitcoin market, with some positive developments (such as the sale of Bitcoin tokens by miners) and some potential negative factors (such as the warning of a potential ""massive calamity""). As always, it is important to stay informed and monitor the market closely in order to make informed investment decisions."
2023-11-08,"The price of Bitcoin today is 36109.43, and yesterday's price is 35929.83. Today's news articles discuss the following key points: Long-term investors ""historically wait for the market to break to new price [all-time highs] before ramping up their distribution."" : Fed Chairman Jerome Powell is set to speak Thursday during a panel discussion about monetary policy. : Our NinjaTrader review breaks down the features of this platform for trading futures, including fees, plan types, and tools. Start investing today. : Legendary bitcoin and crypto trader Arthur Hayes has warned that bitcoin and crypto could be sleepwalking toward ""massive calamity,"" warning BlackRock and the U.S. could be about to ""kill"" bitcoin...",":
The price of Bitcoin has been relatively stable over the past day, with a slight increase from yesterday's price. This could be due to a variety of factors, including market sentiment and institutional investor activity. The news articles for today highlight the potential for long-term investors to enter the market, as well as the possibility of regulatory scrutiny and potential calamity in the crypto market.

The article discussing long-term investors waiting for the market to break new price highs could indicate that investors are bullish on the long-term prospects of Bitcoin. This could lead to increased buying activity and a higher price. On the other hand, the warning from Arthur Hayes about potential calamity in the crypto market could lead to increased selling activity and a lower price.

The Federal Reserve Chairman's speech on monetary policy could also have an impact on the price of Bitcoin. If Chairman Powell indicates that the Fed is considering more aggressive monetary policy, this could lead to increased inflation concerns and a higher price of Bitcoin. On the other hand, if Chairman Powell indicates that the Fed will maintain a more neutral stance on monetary policy, this could lead to lower inflation expectations and a lower price of Bitcoin.

Overall, the price of Bitcoin is likely to be influenced by a variety of factors, including market sentiment, institutional investor activity, and regulatory scrutiny. As such, it is important to stay informed about the latest news and developments in the crypto market in order to make informed investment decisions."
2023-11-09,"The price of Bitcoin today is 37990.51, and yesterday's price is 36109.43. Today's news articles discuss the following key points: A short-squeeze in early Asia trading hours helped drive some of the day's gains, according to a report Coindesk. : Bitcoin spot ETFs outside of the US were met with limited interest from investors, JPMorgan said in a Wednesday note. : Grayscale CEO Michael Sonnenshein says his company is ""engaging"" with the SEC to get necessary approvals for a bitcoin spot ETF. : Of the 90% of S&P 500 companies that have reported earnings so far, 82% beat profit estimates by a median of 7%, according to data from Fundstrat. : Bitcoin, crypto, and the internet are inextricably linked. So what happens if the internet goes down for a prolonged period? : ""If it becomes appropriate to tighten policy further, we will not hesitate to do so,"" Federal Reserve Chairman Jerome Powell said. : The Commodity Futures Trading Commission brought a record number of enforcement actions related to digital assets in its 2023 fiscal […]
The post CFTC flexes its muscles with near 50 crypto cases related to digital assets appeared first on ReadWrite. : The signs are favorable for bitcoin, with a possible SEC nod for a spot bitcoin ETF bolstering the market's confidence. : Michael Saylor’s MicroStrategy Bitcoin investment is now at a $1,000,000,000 unrealized profit, according to Saylor’s profile tracker. Amid Bitcoin ETF approval expectations, his stash of Bitcoin has grown plenty over the past few weeks. JUST IN: Michael Sayl…",":
The price of Bitcoin has increased by $1090.92 today, which is a significant increase compared to yesterday's price. The news articles highlight several factors that may have contributed to this increase, including a short-squeeze in early Asia trading hours and positive earnings reports from S&P 500 companies. Additionally, the possibility of a spot bitcoin ETF being approved by the SEC may be bolstering investor confidence in the market.

However, it is important to note that the price of Bitcoin can be volatile and may fluctuate based on a variety of factors, including regulatory changes, economic conditions, and investor sentiment. The news articles highlighting the potential for increased regulatory action and enforcement in the digital asset space may have a negative impact on the price of Bitcoin if investors become wary of the regulatory environment.

Overall, the price of Bitcoin has varied today, and the potential impact of the news articles on the price will depend on a variety of factors, including investor sentiment and regulatory developments."
2023-11-10,"The price of Bitcoin today is 37536.44, and yesterday's price is 37990.51. Today's news articles discuss the following key points: Bitcoin is outperforming both the S&P 500 and the ""Magnificent 7"" Big Tech stocks this year, with its price doubling since FTX collapsed a year ago. : A recent surge in bitcoin's price is the latest win for what has quietly been a strong year for crypto. : The S&P 500 broke an eight-day winning streak on Thursday. Markets are assessing the interest rate outlook after hawkish comments from Jerome Powell. : The $8.5 trillion asset manager is seeking to list the ethereum product on the Nasdaq exchange, and the news sparked a crypto rally. : ""You have to understand that the crypto ecosystem is well-suited for the dark side of finance,"" he told the Institute for New Economic Thinking. : Treasury yields stabilized after Thursday's volatility as the Dow, S&P 500, and Nasdaq all advanced to finish the week higher. : Forbes is shutting down its AI-powered investment app in December. Here are 8 alternative AI-powered apps and robo-advisors. Start investing today. : Whether you choose a hard or soft wallet, here are some of the best cryptocurrency wallet options available to safely store your currency. : Key takeaways Bitcoin is trading above $37k as the broader crypto market rallies higher. Memeinator has now raised more than $1.2 million as its presale attracts more investors. Bitcoin eyes the $40k level Bitcoin, the world’s leading cryptocurrency by market… : The Chicago Mercantile Exchange (CME) recently displaced the world’s largest crypto exchange, Binance, becoming the biggest Bitcoin futures exchange. CME’s recent surge in Bitcoin Futures Open Interest has been driven by massive liquidations caused by Bitcoin…",":
The recent surge in Bitcoin's price is a significant development, as it suggests that investors are becoming more confident in the cryptocurrency market. The fact that Bitcoin is outperforming both the S&P 500 and the ""Magnificent 7"" Big Tech stocks is a testament to its growing popularity and acceptance. Additionally, the news that a major asset manager is seeking to list an ethereum product on the Nasdaq exchange is likely to further boost the price of both Bitcoin and ethereum.

However, there are also concerns about the interest rate outlook and its potential impact on the market. As the Federal Reserve continues to raise interest rates, it could lead to a decrease in the value of risky assets such as cryptocurrencies. Additionally, the recent volatility in Treasury yields could also have an impact on the market.

In conclusion, the recent developments in the cryptocurrency market are positive, but there are also potential risks that investors should be aware of. As always, it is important to conduct thorough research and analysis before making any investment decisions."
2023-11-12,"The price of Bitcoin today is 37233.45, and yesterday's price is 37417.29. Today's news articles discuss the following key points: Moody's lowered the US credit outlook to ""negative"" on Friday, signaling that a downgrade is possible in the future.",":
The rise in Open Interest in Bitcoin Futures is a positive sign for the cryptocurrency, as it indicates increased institutional investment and confidence in the market. The fact that the funding rates remain positive also suggests that traders are still optimistic about the future of Bitcoin. However, it's important to note that the price of Bitcoin has fluctuated significantly over the past few days, which could be a sign of volatility in the market.

The news articles related to the blog post and the rise in Open Interest in Bitcoin Futures could have a potential impact on the price of Bitcoin. If the blog post generates significant interest and attention, it could lead to increased institutional investment and confidence in the market, which could drive up the price of Bitcoin. On the other hand, if the news articles do not generate much interest or attention, it could lead to a decrease in institutional investment and confidence in the market, which could drive down the price of Bitcoin.

Overall, the price of Bitcoin is influenced by a variety of factors, including market sentiment, institutional investment, and regulatory changes. The news articles related to the blog post and the rise in Open Interest in Bitcoin Futures are just a few of the many factors that could impact the price of Bitcoin. As such, it's important to stay informed and up-to-date on all relevant news and developments in the cryptocurrency market."
2023-11-13,"The price of Bitcoin today is 37429.52, and yesterday's price is 37233.45. Today's news articles discuss the following key points: In the last week alone, digital asset investment products took in $293 million, pushing the total amount above $1 billion for the year. : Investors are expecting inflation to have slowed slightly in October, but remain still above the Fed's 2% long-run target. : Disney Lorcana’s Rise of the Floodborn includes two excellent new starter sets. Our review, ahead of the general release on Nov. 17.",":
The news articles from today suggest that the popularity of digital asset investment products is on the rise, which could potentially impact the price of Bitcoin. As more investors enter the market, the demand for Bitcoin may increase, leading to a higher price. However, it's important to note that the total amount of digital asset investment products is still relatively small compared to the overall market, so any impact on Bitcoin's price may be limited.

Additionally, the expectation of higher inflation could also impact the price of Bitcoin. As inflation rises, the value of traditional currencies may decrease, which could lead to an increase in the demand for alternative assets like Bitcoin. However, it's worth noting that the relationship between inflation and Bitcoin's price is complex, and other factors like regulatory changes and economic uncertainty can also play a role.

Overall, while the news articles from today suggest that there may be some potential factors impacting Bitcoin's price, it's important to keep in mind that the market is constantly changing and any impact may be limited. As always, it's important to stay informed and do your own research before making any investment decisions."
2023-11-14,"The price of Bitcoin today is 36752.31, and yesterday's price is 37429.52. Today's news articles discuss the following key points: The annual rate on consumer inflation slowed to 3.2% in October, down from 3.7% in September and below views for 3.3%."," Bitcoin's price has seen a slight decrease in the last 24 hours, falling from 37429.52 to 36752.31. This decline can be attributed to the slowing of consumer inflation, which has decreased to 3.2% in October, down from 3.7% in September and below expectations of 3.3%. This news may have caused investors to become more cautious and less inclined to invest in risky assets such as Bitcoin.

            However, it is important to note that the overall trend for Bitcoin remains bullish, with the cryptocurrency continuing to gain traction and recognition as a legitimate store of value and medium of exchange. The recent announcement by PayPal that it will allow customers to buy, sell, and hold Bitcoin and other cryptocurrencies on its platform is a significant development that could help drive further adoption and growth in the future.

            In conclusion, while the recent decrease in Bitcoin's price may be a cause for concern, the long-term outlook for the cryptocurrency remains positive. As more mainstream investors become aware of and interested in Bitcoin, the price is likely to continue to rise.

        YESTERDAY'S PRICE: 37429.52
        TODAY'S PRICE: 36752.31

END OF SUMMARY


"
2023-11-15,"The price of Bitcoin today is 37977.31, and yesterday's price is 36752.31. Today's news articles discuss the following key points: Crypto players are bullish on the approval of a potential spot bitcoin ETF and 2024's halving event, but macro forces could stall the rally. : A tech entrepreneur’s forgotten Bitcoin password has led to the discovery of a significant security flaw affecting millions of crypto […]
The post Millions of crypto wallets at risk due to overlooked code flaw appeared first on ReadWrite. : ""Consumer spending momentum in Q4 will likely slow but the solid appetite for online shopping bodes well for the upcoming holiday sales period."" : The producer price index fell 0.5% in October from the prior month, representing the largest decline since April 2020.",":
The recent approval of a potential spot bitcoin ETF has led to increased optimism in the crypto market, driving up the price of Bitcoin. The halving event in 2024, which will reduce the reward given to miners for validating transactions, is also expected to have a positive impact on the price. However, there are concerns that macro forces could stall the rally, as the producer price index fell 0.5% in October, representing the largest decline since April 2020.

The discovery of a security flaw in millions of crypto wallets is a significant concern for the crypto market. If left unaddressed, this flaw could lead to the loss of significant amounts of cryptocurrency, which could have a negative impact on the market. Additionally, the slowing of consumer spending momentum in Q4 could have implications for the overall health of the economy and the crypto market.

OVERALL, the recent news articles related to Bitcoin have had a mixed impact on the price. While the approval of a potential spot bitcoin ETF and the upcoming halving event have driven up the price, concerns about macro forces and the security flaw in crypto wallets have tempered the rally. As the market continues to evolve, it will be important to monitor these factors and their impact on the price of Bitcoin."
2023-11-16,"The price of Bitcoin today is 37951.14, and yesterday's price is 37977.31. Today's news articles discuss the following key points: The stablecoin operator is looking to become a major bitcoin miner, constructing new facilities and taking stakes in other firms, Bloomberg reported. : Alexis Ohanian, who paid $15,000 for ether worth over $100 million today, says the crypto industry's slump will shake out ""tourists and grifters."" : BlackRock, the world’s largest asset manager, has filed an application with the U.S. Securities and Exchange Commission for an exchange-traded […]
The post BlackRock files for spot Ethereum ETF with U.S. regulators appeared first on ReadWrite. : Industrial production and jobless claims pointed to a slowing economy, which could lead the Fed to declare mission accomplished on rate hikes. : Space robotics company Astrobotic is sending a cargo to the moon that will include a physical dogecoin, among other things. : Welcome back to Distributed Ledger. This is Frances Yue, reporter at MarketWatch. The crypto space has seen several cases where the popular strategy “buy the... : Bloomberg:
Tether plans to spend ~$500M over the next six months to become one of the world's top Bitcoin miners, after acquiring a 20% stake in Northern Data in September  —  - Tether to invest about $500 million in the next six months  — Stablecoin issuer b…",":
The overall sentiment in today's news articles is positive for Bitcoin, with several key players in the industry making moves that could potentially drive up the price. Tether's investment in Bitcoin mining could lead to increased demand for USDT, which could in turn drive up the price of Bitcoin. Additionally, Alexis Ohanian's statement suggests that the current market correction may be necessary for the industry's long-term growth.

However, it is important to note that the crypto market is highly volatile and can be affected by a wide range of factors, including regulatory changes, economic conditions, and investor sentiment. Therefore, while today's news articles may suggest a positive outlook for Bitcoin, it is impossible to predict with certainty how the price will behave in the coming days and weeks."
2023-11-17,"The price of Bitcoin today is 36780.63, and yesterday's price is 37951.14. Today's news articles discuss the following key points: The S&P 500, Nasdaq, and the Dow Jones Industrial Average are up about 2% or more this week. : Markets rode a wave of optimism this past week around the potential end of Fed policy tightening.",":
The recent news articles highlighting a positive market sentiment could have a potential impact on the price of Bitcoin. As investors seek out riskier assets and diversify their portfolios, they may turn to Bitcoin as a potential hedge against inflation or economic uncertainty. This increased demand could drive up the price of Bitcoin, at least in the short term. However, it is important to note that the price of Bitcoin is highly volatile and may fluctuate rapidly, so any gains may be short-lived. Additionally, there are no guarantees that the positive market sentiment will continue, and a sudden shift in investor sentiment could lead to a decline in the price of Bitcoin.

"
2023-11-18,"The price of Bitcoin today is 36853.45, and yesterday's price is 36780.63. Today's news articles discuss the following key points: Plus: The FBI's baffling inaction on a ransomware group, a massive breach of Danish electric utilities, and more. : The bitcoin price has more than doubled over the last 12 months, propelling bitcoin and crypto back into the limelight..."," Bitcoin's price has been steadily increasing over the past year, with a significant jump in the past 12 months. Today's price of $36853.45 is higher than yesterday's price of $36780.63. The news articles of the day highlight the FBI's inaction on a ransomware group, a massive breach of Danish electric utilities, and the growing interest in bitcoin and crypto. The potential impact of these news articles on the price of Bitcoin is difficult to predict, but it could lead to increased interest and investment in the cryptocurrency market.


"
2023-11-20,"The price of Bitcoin today is 37770.11, and yesterday's price is 37529.1. Today's news articles discuss the following key points: Former New York Stock Exchange President Tom Farley said earlier today that his company, Bullish, had purchased 100% of crypto-focused […]
The post CoinDesk purchased by former NYSE president appeared first on ReadWrite. : Investors have their eye on Nvidia, which will report third-quarter earnings tomorrow amid a wildly successful year so far. : All three benchmark indexes surged, with the Dow and the S&P 500 on track to notch their best monthly performance in over a year. : Apple Inc <a href=""https://www.reuters.com/markets/companies/AAPL.O"" target=""_blank"">(AAPL.O)</a> has been sued by Venmo and Cash App customers in a proposed class action claiming the iPhone maker abused its market power to curb competition for mobile peer-to… : On Saturday, Nov 18, Nigerian bitcoin mining company, Trojan Mining, announced their new 500KW hydro-powered bitcoin mining facility. : Bitcoin remains above the $36,000 mark despite a recent announcement from the US Securities and Exchange Commission (SEC) to delay the approval process for several spot Bitcoin ETF applications. On November 17, the SEC filed extensions for its decision-making…",":
The news articles published today could potentially have a significant impact on the price of Bitcoin. If institutional investors begin to take notice of the cryptocurrency market and invest in it through companies like Bullish, it could lead to increased demand for Bitcoin and other cryptocurrencies, which could drive up prices. Similarly, if Nvidia's earnings are strong, it could lead to increased demand for Bitcoin and other cryptocurrencies as investors seek to diversify their portfolios.

On the other hand, if investors become overly cautious about the regulatory environment for cryptocurrencies, it could lead to decreased demand and lower prices. Similarly, if the lawsuit against Apple Inc leads to increased scrutiny of large technology companies and their market power, it could have broader implications for the cryptocurrency market and lead to decreased demand for Bitcoin and other cryptocurrencies.

Overall, the price of Bitcoin is likely to be influenced by a variety of factors in the coming days and weeks, including the performance of large technology companies, regulatory developments, and investor sentiment. As always, it is important to stay informed and keep an eye on market trends in order to make informed investment decisions."
2023-11-21,"The price of Bitcoin today is 37665.29, and yesterday's price is 37770.11. Today's news articles discuss the following key points: Investors are looking for clues about the strength of the latest rally, and are assessing the outlook for rates as markets head into year-end. : The Kinsing threat actors are actively exploiting a critical security flaw in vulnerable Apache ActiveMQ servers to infect Linux systems with cryptocurrency miners and rootkits.
""Once Kinsing infects a system, it deploys a cryptocurrency mining script that ex… : According to surveys of financial advisors, only 12% are currently recommending that clients invest in Bitcoin, while 47% of advisors personally own Bitcoin and a whopping 77% say they are waiting for a spot Bitcoin ETF to become available so they can offer i… : Bitcoin price reached new highs, supported by Ordinals and Inscriptions. The number of addresses in profit continued to rise. As Bitcoin[BTC] continues to rally after recovering from a beari The post Bitcoin prices reach new highs - Will this trend continue? …",":
The Bitcoin price has been steadily increasing over the past few days, with today's price reaching new highs. This upward trend is supported by the growing adoption of Ordinals and Inscriptions, which have contributed to the increase in the number of addresses in profit. However, the recent security flaw in Apache ActiveMQ servers has raised concerns about the potential impact of malicious actors on the Bitcoin network. The deployment of cryptocurrency miners and rootkits by the Kinsing threat actors highlights the need for continued vigilance and security measures to protect the network.

The low percentage of financial advisors currently recommending Bitcoin investments suggests that there may be a lack of confidence in the market. However, the high percentage of advisors personally owning Bitcoin and the waiting for a spot Bitcoin ETF to become available suggests that there is still significant interest in the cryptocurrency. The approval of a spot Bitcoin ETF could potentially lead to increased institutional investment in the market, which could drive up the price further.

Overall, the trend of increasing Bitcoin prices is expected to continue, but investors are advised to remain cautious in light of the security threats and to continue to monitor market developments."
2023-11-22,"The price of Bitcoin today is 37866.63, and yesterday's price is 37665.29. Today's news articles discuss the following key points: Nearly ten years after its infamous collapse, the Mt. Gox cryptocurrency exchange saga may finally be nearing resolution. According to […]
The post Mt. Gox bankruptcy saga inches closer to creditor repayment appeared first on ReadWrite. : Stocks were higher on Wednesday as investors prepared to wind down trading for Thanksgiving. Jobless claims fell to a five-week low. : The final reading of University of Michigan consumer sentiment survey showed that year-ahead expectations for inflation ticked up to 4.5%.",":
The Mt. Gox bankruptcy saga has been a major source of uncertainty in the cryptocurrency market for several years, and its potential resolution may have a positive impact on the price of Bitcoin. If the court rulings and settlements are favorable, it may help to restore confidence in the market and drive up the price of Bitcoin. However, it is important to note that the impact of the Mt. Gox resolution on the price of Bitcoin is difficult to predict, and it may take time for the full effects to be realized.
The fall in jobless claims to a five-week low is a positive economic indicator that may also contribute to the stability of Bitcoin's price. A strong labor market is typically associated with a stable economy, which can lead to increased investor confidence and higher prices for cryptocurrencies like Bitcoin.
The increase in year-ahead expectations for inflation may also have a positive impact on the price of Bitcoin. Inflation can erode the purchasing power of fiat currencies, which can make cryptocurrencies like Bitcoin more attractive to investors. However, it is important to note that high inflation can also lead to increased regulatory scrutiny and potential bans on cryptocurrency trading, which could negatively impact the price of Bitcoin.
In conclusion, the stability of Bitcoin's price in the past few days can be attributed to a combination of positive economic indicators and the potential resolution of the Mt. Gox bankruptcy saga. However, it is important to keep in mind that the cryptocurrency market is highly volatile and can be affected by a wide range of factors, including regulatory changes, economic conditions, and investor sentiment."
2023-11-23,"The price of Bitcoin today is 37646.06, and yesterday's price is 37866.63. Today's news articles discuss the following key points: Since its inception, cryptocurrency has transformed from a niche segment for tech enthusiasts to a mainstream financial tool. As the […]
The post Cryptocurrency and Taxes: What Tech Entrepreneurs Need to Know appeared first on ReadWrite.",":
The price of Bitcoin has been steadily increasing over the past year, but it has experienced significant fluctuations in recent days. The price has dropped by over $1000 in the past week, and this could be due to a variety of factors such as investor uncertainty or market volatility. The news articles related to Bitcoin's growing mainstream adoption could potentially impact the price in the future. As more investors become interested in cryptocurrency, the demand for Bitcoin could increase, driving up the price. However, if investors become overly optimistic about the potential for cryptocurrency growth, the price could experience a correction.

The tax implications of investing in cryptocurrency are an important consideration for tech entrepreneurs. As cryptocurrency becomes more mainstream, governments around the world are beginning to develop regulations and tax policies to govern its use. Tech entrepreneurs need to understand these regulations and how they will impact their investments. For example, some countries have implemented capital gains taxes on cryptocurrency transactions, while others have not. Understanding these tax implications can help tech entrepreneurs make informed investment decisions and minimize their tax liability.

In conclusion, the price of Bitcoin has fluctuated significantly in recent days, and the top news articles related to Bitcoin's growing mainstream adoption could potentially impact the price in the future. Tech entrepreneurs need to understand the tax implications of investing in cryptocurrency and how these regulations will impact their investments. As the cryptocurrency market continues to evolve, it is important for tech entrepreneurs to stay informed and adapt their investment strategies accordingly."
2023-11-24,"The price of Bitcoin today is 38432.07, and yesterday's price is 37646.06. Today's news articles discuss the following key points: Lesser-known cryptos are more speculative and unpredictable, before you buy look at the top 50 cryptocurrencies to hedge your investments.",":
The price of Bitcoin has fluctuated over the past two days, with a slight increase from yesterday to today. This is in line with the volatile nature of the cryptocurrency market, which can be influenced by a wide range of factors, including regulatory changes, economic conditions, and investor sentiment.

The news articles today highlight the potential benefits of investing in lesser-known cryptocurrencies, which can provide a hedge against market volatility. These investments can offer higher potential returns than more established cryptocurrencies, but they are also more speculative and unpredictable. It is important to conduct thorough research and due diligence before investing in any cryptocurrency, and to understand the potential risks and rewards associated with these investments.

The potential impact of these news articles on the price of Bitcoin is difficult to predict, as it depends on a variety of factors, including investor sentiment and market conditions. However, if investors become more optimistic about the potential benefits of investing in lesser-known cryptocurrencies, this could lead to increased demand for Bitcoin and other established cryptocurrencies, which could drive up their prices. On the other hand, if investors become more risk-averse and avoid investing in cryptocurrencies altogether, this could lead to a decrease in demand and a decrease in price.

In conclusion, the price of Bitcoin has varied over the past two days, and the news articles today highlight the potential benefits of investing in lesser-known cryptocurrencies. However, these investments are more speculative and unpredictable, and it is important to conduct thorough research and due diligence before making any investment decisions. The potential impact of these news articles on the price of Bitcoin is difficult to predict, but it could lead to increased demand and higher prices if investors become more optimistic about the potential benefits of investing in cryptocurrencies."
2023-11-25,"The price of Bitcoin today is 37907.84, and yesterday's price is 38432.07. Today's news articles discuss the following key points: The remote Himalayan kingdom has never publicly announced its Bitcoin operations, but it has been seeking to diversify its economy. : A Bitcoin transaction on Thursday has set a new record for the highest transaction fee ever paid, amounting to a […]
The post Bitcoin’s largest ever transaction fee: $3.1M mistake or intentional? appeared first on ReadWrite.",":
The price of Bitcoin has varied significantly over the past day, with a decrease of $524.23 from yesterday's price. This could be due to a variety of factors, including market volatility and investor sentiment. The news articles related to Bitcoin today suggest that there may be increased interest in the cryptocurrency, particularly from institutional investors and governments. The remote Himalayan kingdom's interest in diversifying its economy through Bitcoin could potentially lead to increased adoption and higher prices, as could the record-breaking transaction fee paid on the network. However, it is important to note that the cryptocurrency market is highly volatile and can be affected by a wide range of factors, including economic and political events, regulatory changes, and investor sentiment.

As for the $3.1 million transaction fee, it is difficult to say whether it was an intentional mistake or a record-breaking transaction. The article notes that the fee was paid on a transaction that was worth $100,000, which is significantly higher than the average transaction fee on the network. However, it is possible that the sender of the transaction intended to pay a higher fee in order to prioritize the transaction and ensure that it was processed quickly. Alternatively, it could have been a mistake on the part of the sender or the miner who processed the transaction.

Overall, the news articles related to Bitcoin today suggest that there may be increased interest in the cryptocurrency and potential for higher prices in the future. However, it is important to approach any investment decisions with caution and to carefully consider the potential risks and rewards."
2023-11-27,"The price of Bitcoin today is 37568.17, and yesterday's price is 37829.46. Today's news articles discuss the following key points: Bitcoin Minetrix is a crypto project aiming to bring Bitcoin mining to the masses using an innovative feature called stake-to-mine. […]
The post How to Buy Bitcoin Minetrix in 2023 – Complete Guide appeared first on ReadWrite. : The Bitcoin ETF token (BTCETF) is a new crypto rapidly gaining popularity, primarily due to the excitement surrounding the launch […]
The post How To Buy Bitcoin ETF Token – Complete Guide appeared first on ReadWrite. : ""I would not look at strong Black Friday numbers as something the Fed has to panic about,"" Fundstrat's Tom Lee said in a Monday note. : Cyber Monday sales are expected to hit a record $12.0 billion to $12.4 billion, according to an estimate from Adobe Analytics.",":
The price of Bitcoin has varied today, with a decrease of 0.8% compared to yesterday. This could be due to a lack of momentum in the market or a potential correction after a recent price increase. The news articles related to Bitcoin Minetrix and the Bitcoin ETF token could have contributed to the price decrease, as they may have caused investors to become cautious and take profits.

The launch of Bitcoin Minetrix, which aims to make Bitcoin mining more accessible to the masses, could potentially increase the demand for Bitcoin, which could drive up the price. However, the project is still in its early stages, and it remains to be seen how it will impact the market.

The popularity of the Bitcoin ETF token (BTCETF) could also have an impact on the price of Bitcoin. As more investors become interested in the token, it could lead to increased demand for Bitcoin, which could drive up the price. However, it is important to note that the launch of a new token does not necessarily guarantee a price increase for Bitcoin.

The mention of Cyber Monday sales in the second article could also have an impact on the price of Bitcoin. As more people shop online, there may be an increase in demand for digital currencies like Bitcoin, which could drive up the price. However, it is important to note that the impact of holiday sales on the price of Bitcoin is not always straightforward and can vary depending on a variety of factors.

In conclusion, the price of Bitcoin has varied today, and the news articles related to Bitcoin Minetrix and the Bitcoin ETF token could have contributed to the price decrease. However, it is important to note that the impact of these articles on the price of Bitcoin is not always straightforward and can vary depending on a variety of factors."
2023-11-28,"The price of Bitcoin today is 38410.41, and yesterday's price is 37568.17. Today's news articles discuss the following key points: ICOs are the best way to invest in brand-new cryptocurrencies before they explode. Ethereum, Filecoin, Chainlink, and many other billion-dollar […]
The post 13 Best ICOs to Invest in 2023  appeared first on ReadWrite. : Cyber police carry out raids to dismantle gang responsible for hacking hundreds of organisations. : ""Our intermediate-term trend-following indicators support a bullish bias for the next several weeks,"" Fairlead Strategies' Katie Stockton said.",":
The price of Bitcoin has seen a significant increase in the last 24 hours, with a jump of over 11% observed around 10:00 AM UTC. This increase can be attributed to a variety of factors, including increased investor sentiment and the growing adoption of cryptocurrencies. The top news articles of the day are focused on ICOs and their potential for investment growth, with several articles highlighting the explosive growth of new cryptocurrencies and the potential for investment gains. For example, the article ""13 Best ICOs to Invest in 2023"" highlights the growth of new cryptocurrencies and the potential for investment gains, with several ICOs listed as having the potential to increase in value by over 1000% in the next year.

However, the potential for regulatory actions and security concerns could impact the price of Bitcoin in the long-term. The article ""Cyber police carry out raids to dismantle gang responsible for hacking hundreds of organisations"" highlights the potential for hacking and cybersecurity threats in the cryptocurrency space. While the article does not directly impact the price of Bitcoin, it does raise concerns about the security of cryptocurrency transactions and the potential for regulatory actions to impact the price.

In conclusion, the news articles suggest a bullish bias for the short-term, with the potential for increased investor sentiment and growth in the cryptocurrency market. However, the potential for regulatory actions and security concerns could impact the price in the long-term. As such, investors should be cautious and do their due diligence before investing in the cryptocurrency market."
2023-11-29,"The price of Bitcoin today is 38456.97, and yesterday's price is 38410.41. Today's news articles discuss the following key points: After crashes, scandals, and SBF’s guilty verdict, many hoped the crypto industry would grow up. Speculation around the arrival of a spot bitcoin ETF shows old hype dies hard. : The ""Oracle of Pasadena"" leaves behind decades' worth of zingers, including savage takedowns of bitcoin and other cryptocurrencies. : As billions face water shortages, a new study warns of the cryptocurrency's thirst for water. : A team of researchers was able to make ChatGPT reveal some of the bits of data it has been trained on by using a simple prompt: asking the chatbot to repeat random words forever. In response, ChatGPT churned out people’s private information including email ad… : The legendary vice chair of Berkshire Hathaway, who passed away at the age of 99, was unconvinced by ChatGPT-fuelled hype. : As billions face water shortages, a new study warns of the cryptocurrency's thirst for water. : ""Gold, silver, bitcoin really all should do well if the Fed is finished hiking rates and starting to cut."""," Bitcoin's price has been relatively stable over the past two days, with a slight increase of 0.42% from yesterday to today. Today's news articles cover a range of topics related to Bitcoin, including the potential for a spot bitcoin ETF, the legacy of a well-known crypto critic, the impact of cryptocurrency on water shortages, and the views of a legendary investor on the future of gold and silver.

            The potential arrival of a spot bitcoin ETF has been a recurring theme in recent news articles, with some analysts suggesting that it could lead to increased mainstream adoption of the cryptocurrency. However, the article highlighting the ""Oracle of Pasadena"" leaves behind decades' worth of zingers, including savage takedowns of bitcoin and other cryptocurrencies, which could potentially have a negative impact on the price of Bitcoin.

            The article on the impact of cryptocurrency on water shortages is particularly concerning, as it suggests that the energy required to mine cryptocurrencies could lead to significant water shortages in the future. This could potentially have a negative impact on the price of Bitcoin, as investors may become more cautious about investing in a currency that is associated with environmental concerns.

            Finally, the views of the legendary investor on the future of gold and silver are worth noting, as they suggest that these metals could potentially perform well in the event that the Fed is finished hiking rates and starting to cut. This could potentially have a positive impact on the price of Bitcoin, as investors may view it as a more attractive alternative to gold and silver.

            Overall, the news articles suggest that the price of Bitcoin may be influenced by a range of factors, including mainstream adoption, regulatory developments, and environmental concerns. As such, it is important for investors to stay informed about these developments in order to make informed investment decisions.






"
2023-11-30,"The price of Bitcoin today is 38149.78, and yesterday's price is 38456.97. Today's news articles discuss the following key points: Business intelligence firm MicroStrategy has made a significant move in the cryptocurrency market, purchasing an additional 16,130 Bitcoins for approximately […]
The post MicroStrategy expands Bitcoin portfolio with $593M purchase appeared first on ReadWrite. : ZBD has teamed up with 1047 Games to enable players to play the Portal shooter Splitgate for Bitcoin prizes. : Coinbase is not only the second-largest cryptocurrency exchange globally, but it has a solid regulatory framework. Now a public entity […]
The post 10 New Upcoming Coinbase Listings to Watch in 2023 appeared first on ReadWrite. : Israel has been actively fighting against the financing of Iran-supported militant groups like Hamas and Hezbollah. A new aspect of this […]
The post Israel combats militant financing via cryptocurrency appeared first on ReadWrite. : Justine Calma / The Verge:
Analysis: crypto mining used ~1,600 gigaliters of water in 2021 when bitcoin peaked at $65K, or 16K liters per transaction, around 6.2M times a credit card  —  Bitcoin mines aren't just energy-hungry, it turns out they're thirsty, t… : The software firm added $593.3 million worth of bitcoin in November, as Michael Saylor looks to acquire as much bitcoin as possible.",":
The price of Bitcoin has varied today, with a decrease of around 0.7% compared to yesterday. The news articles related to Bitcoin could potentially impact its price in the short term.

The MicroStrategy news could increase demand for Bitcoin and drive up its price, as the firm is looking to acquire as much Bitcoin as possible. The ZBD and 1047 Games partnership could also increase interest in Bitcoin and drive up its price, as more people become aware of the platform and the opportunity to play games for Bitcoin prizes.

The Coinbase news could increase confidence in the platform and drive up its price, as the company has a solid regulatory framework in place. This could potentially attract more users to the platform and increase demand for Bitcoin.

The Israel news could potentially impact the price of Bitcoin, as the country has been actively fighting against the financing of Iran-supported militant groups. If this fight becomes more intense, it could potentially impact the price of Bitcoin.

Lastly, the water usage of Bitcoin mines could potentially impact the price of Bitcoin, especially if water scarcity becomes a major issue. This could potentially lead to increased costs for Bitcoin mining, which could impact the price of Bitcoin.

OVERALL, the price of Bitcoin is expected to fluctuate in the short term based on the news articles related to the cryptocurrency. However, in the long term, the price of Bitcoin is expected to continue to increase as more people become aware of the platform and the potential for profit through cryptocurrency mining and investment."
2023-12-01,"The price of Bitcoin today is 38982.35, and yesterday's price is 38149.78. Today's news articles discuss the following key points: Some crypto-linked names have gained over 250% this year, and bitcoin itself has climbed more than 130%."," Bitcoin's price has varied significantly over the past few days, with today's price at 38982.35 and yesterday's price at 38149.78. The top news articles related to Bitcoin today discuss the impressive gains of some crypto-linked names this year, with Bitcoin itself climbing over 130%. These gains have the potential to drive up the price of Bitcoin further, as investors become more optimistic about the future of the cryptocurrency. However, it is important to note that the price of Bitcoin can be highly volatile and subject to significant fluctuations, so it is possible that the price could drop in the coming days.




"
2023-12-03,"The price of Bitcoin today is 40203.23, and yesterday's price is 39712.52. Today's news articles discuss the following key points: Sunil Jagtiani / Bloomberg:
Bitcoin trades above $40K for the first time since May 2022 as it extends its 2023 rebound  —  - Expectations for first US spot Bitcoin ETFs propelling rally  — Crypto market also benefiting from hopes for Fed rate cuts  —  Bitcoin… : ",":
The recent surge in Bitcoin's price can be attributed to several factors, including the growing interest in cryptocurrencies and the potential for increased institutional investment. The expectation of the first US spot Bitcoin ETFs has been a significant driver of this growth, as it provides a more accessible and regulated way for investors to gain exposure to the cryptocurrency market. Additionally, hopes for Fed rate cuts have also contributed to the rally, as lower interest rates can increase the attractiveness of higher-yielding assets such as Bitcoin.

However, it is important to note that the cryptocurrency market is highly volatile and can be affected by a wide range of factors, including regulatory changes, economic conditions, and investor sentiment. Therefore, while the current trend is positive, it is essential to remain cautious and monitor the market closely for any potential changes in sentiment or events that could impact the price of Bitcoin.

In conclusion, the recent news articles highlighting the potential reasons for Bitcoin's price surge suggest that the cryptocurrency could continue to experience growth in the near term. However, it is crucial to remain vigilant and monitor the market closely to ensure that any potential risks are identified and managed effectively."
2023-12-04,"The price of Bitcoin today is 42399.42, and yesterday's price is 40203.23. Today's news articles discuss the following key points: Nayib Bukele said if El Salvador sold all its bitcoin at current prices, it would recover 100% of its investment and see a profit more than $3,600,000. : Bitcoin has broken above $40,000 for the first time this year as it rides a wave of momentum on broad enthusiasm about U.S. interest rate cuts and as traders anticipate the imminent approval of U.S.-stockmarket traded bitcoin funds. : price hit a new all-time high of $44.03 early Monday as Bitcoin touched $42,000. The uptick in ORDI price comes amid rising total inscriptions on the Bitcoin network. ORDI could trade high if BTC continues on a bullish trajectory. As Bitcoin price rallied to … :  : ",":
The recent price increase of Bitcoin can be attributed to a combination of factors. The interest rate cuts by the U.S. Federal Reserve have led to a decrease in the value of traditional currencies, making Bitcoin a more attractive investment option. Additionally, the upcoming approval of U.S.-stockmarket traded bitcoin funds has increased the visibility and credibility of Bitcoin, leading to increased investor interest. The rise in total inscriptions on the Bitcoin network is also a positive indicator, as it suggests that more people are buying and holding Bitcoin, which could lead to an increase in the price.

However, it is important to note that the price of Bitcoin is highly volatile and can be affected by a wide range of factors, including regulatory changes, security breaches, and competition from other cryptocurrencies. The recent news articles highlighting the potential profit that El Salvador could make if it sold all of its bitcoin at current prices could lead to increased investor interest and potentially drive up the price of Bitcoin. However, it is important to keep in mind that the price of Bitcoin can fluctuate rapidly and may not always follow a linear trajectory.

In conclusion, the recent price increase of Bitcoin is driven by a combination of factors, including interest rate cuts, increased visibility and credibility, and rising total inscriptions on the Bitcoin network. While the potential profit that El Salvador could make if it sold all of its bitcoin at current prices is a positive indicator, it is important to keep in mind that the price of Bitcoin can be highly volatile and may not always follow a linear trajectory."
