,date_st,news
0,2023-11-05,"According to a new post, There was a fake ledger app on the Microsoft store that has stolen $588,000 so far in Bitcoin."
1,2023-11-06,"The Dow, Nasdaq, and S&P 500 are all coming off of their strongest weekly performance of the year, with each gaining more than 5%. : Markets are looking for a new catalyst to drive fresh gains after a big week. Morgan Stanley and JPMorgan both warned the rally looks set to fade. : With immense anticipation building around Bitcoin spot ETF approval in the United States, one team of pioneers has developed a token directly linked to the Bitcoin ETF approval. Introducing Bitcoin ETF Token (BTCETF), a new project that rewards users as the E…"
2,2023-11-07,"Long-time Slashdot reader UnknowingFool writes: Coinbase, America's largest cryptocurrency exchange, has announced they are completely removing all support for Bitcoin SV (BSV) by January 9. All current holders of that cryptocurrency on the exchange will need… : Cashing in on a stunning price rally, bitcoin miners sold all the tokens they minted in October, amounting to 15,492 worth $164 million. : ""We haven't completely solved the inflation problem,"" Minneapolis Fed president Neel Kashkari said on Monday. : Want to level up your crypto convo game? We've got you covered. : Legendary bitcoin and crypto trader Arthur Hayes has warned that bitcoin and crypto could be sleepwalking toward ""massive calamity,"" warning BlackRock and the U.S. could be about to ""kill"" bitcoin... : Remote development for software solutions is on the rise, and it is changing the way companies hire. This trend is […]
The post The Rise of Remote Developers: Trends and Statistics appeared first on ReadWrite."
3,2023-11-08,"Long-term investors ""historically wait for the market to break to new price [all-time highs] before ramping up their distribution."" : Fed Chairman Jerome Powell is set to speak Thursday during a panel discussion about monetary policy. : Our NinjaTrader review breaks down the features of this platform for trading futures, including fees, plan types, and tools. Start investing today. : Legendary bitcoin and crypto trader Arthur Hayes has warned that bitcoin and crypto could be sleepwalking toward ""massive calamity,"" warning BlackRock and the U.S. could be about to ""kill"" bitcoin..."
4,2023-11-09,"A short-squeeze in early Asia trading hours helped drive some of the day's gains, according to a report Coindesk. : Bitcoin spot ETFs outside of the US were met with limited interest from investors, JPMorgan said in a Wednesday note. : Grayscale CEO Michael Sonnenshein says his company is ""engaging"" with the SEC to get necessary approvals for a bitcoin spot ETF. : Of the 90% of S&P 500 companies that have reported earnings so far, 82% beat profit estimates by a median of 7%, according to data from Fundstrat. : Bitcoin, crypto, and the internet are inextricably linked. So what happens if the internet goes down for a prolonged period? : ""If it becomes appropriate to tighten policy further, we will not hesitate to do so,"" Federal Reserve Chairman Jerome Powell said. : The Commodity Futures Trading Commission brought a record number of enforcement actions related to digital assets in its 2023 fiscal […]
The post CFTC flexes its muscles with near 50 crypto cases related to digital assets appeared first on ReadWrite. : The signs are favorable for bitcoin, with a possible SEC nod for a spot bitcoin ETF bolstering the market's confidence. : Michael Saylor’s MicroStrategy Bitcoin investment is now at a $1,000,000,000 unrealized profit, according to Saylor’s profile tracker. Amid Bitcoin ETF approval expectations, his stash of Bitcoin has grown plenty over the past few weeks. JUST IN: Michael Sayl…"
5,2023-11-10,"Bitcoin is outperforming both the S&P 500 and the ""Magnificent 7"" Big Tech stocks this year, with its price doubling since FTX collapsed a year ago. : A recent surge in bitcoin's price is the latest win for what has quietly been a strong year for crypto. : The S&P 500 broke an eight-day winning streak on Thursday. Markets are assessing the interest rate outlook after hawkish comments from Jerome Powell. : The $8.5 trillion asset manager is seeking to list the ethereum product on the Nasdaq exchange, and the news sparked a crypto rally. : ""You have to understand that the crypto ecosystem is well-suited for the dark side of finance,"" he told the Institute for New Economic Thinking. : Treasury yields stabilized after Thursday's volatility as the Dow, S&P 500, and Nasdaq all advanced to finish the week higher. : Forbes is shutting down its AI-powered investment app in December. Here are 8 alternative AI-powered apps and robo-advisors. Start investing today. : Whether you choose a hard or soft wallet, here are some of the best cryptocurrency wallet options available to safely store your currency. : Key takeaways Bitcoin is trading above $37k as the broader crypto market rallies higher. Memeinator has now raised more than $1.2 million as its presale attracts more investors. Bitcoin eyes the $40k level Bitcoin, the world’s leading cryptocurrency by market… : The Chicago Mercantile Exchange (CME) recently displaced the world’s largest crypto exchange, Binance, becoming the biggest Bitcoin futures exchange. CME’s recent surge in Bitcoin Futures Open Interest has been driven by massive liquidations caused by Bitcoin…"
6,2023-11-11,"@moyix: Will still try to do a blog post on my @CSAW_NYUTandon CTF challenge, NERV Center, but for now here's a thread explaining the key mechanics. I put a lot of work into the aesthetics, like this...… : Bitcoin Open Interest on CME hits over $4 billion. The Bitcoin weighted funding rates remain positive. The Open Interest in Bitcoin [BTC] Futures has experienced a notable rise in the past few days, rising along with the price of BTC. Surprisingly, a specific…"
7,2023-11-12,"Moody's lowered the US credit outlook to ""negative"" on Friday, signaling that a downgrade is possible in the future."
8,2023-11-13,"In the last week alone, digital asset investment products took in $293 million, pushing the total amount above $1 billion for the year. : Investors are expecting inflation to have slowed slightly in October, but remain still above the Fed's 2% long-run target. : Disney Lorcana’s Rise of the Floodborn includes two excellent new starter sets. Our review, ahead of the general release on Nov. 17."
9,2023-11-14,"The annual rate on consumer inflation slowed to 3.2% in October, down from 3.7% in September and below views for 3.3%."
10,2023-11-15,"Crypto players are bullish on the approval of a potential spot bitcoin ETF and 2024's halving event, but macro forces could stall the rally. : A tech entrepreneur’s forgotten Bitcoin password has led to the discovery of a significant security flaw affecting millions of crypto […]
The post Millions of crypto wallets at risk due to overlooked code flaw appeared first on ReadWrite. : ""Consumer spending momentum in Q4 will likely slow but the solid appetite for online shopping bodes well for the upcoming holiday sales period."" : The producer price index fell 0.5% in October from the prior month, representing the largest decline since April 2020."
11,2023-11-16,"The stablecoin operator is looking to become a major bitcoin miner, constructing new facilities and taking stakes in other firms, Bloomberg reported. : Alexis Ohanian, who paid $15,000 for ether worth over $100 million today, says the crypto industry's slump will shake out ""tourists and grifters."" : BlackRock, the world’s largest asset manager, has filed an application with the U.S. Securities and Exchange Commission for an exchange-traded […]
The post BlackRock files for spot Ethereum ETF with U.S. regulators appeared first on ReadWrite. : Industrial production and jobless claims pointed to a slowing economy, which could lead the Fed to declare mission accomplished on rate hikes. : Space robotics company Astrobotic is sending a cargo to the moon that will include a physical dogecoin, among other things. : Welcome back to Distributed Ledger. This is Frances Yue, reporter at MarketWatch. The crypto space has seen several cases where the popular strategy “buy the... : Bloomberg:
Tether plans to spend ~$500M over the next six months to become one of the world's top Bitcoin miners, after acquiring a 20% stake in Northern Data in September  —  - Tether to invest about $500 million in the next six months  — Stablecoin issuer b…"
12,2023-11-17,"The S&P 500, Nasdaq, and the Dow Jones Industrial Average are up about 2% or more this week. : Markets rode a wave of optimism this past week around the potential end of Fed policy tightening."
13,2023-11-18,"Plus: The FBI's baffling inaction on a ransomware group, a massive breach of Danish electric utilities, and more. : The bitcoin price has more than doubled over the last 12 months, propelling bitcoin and crypto back into the limelight..."
14,2023-11-20,"Former New York Stock Exchange President Tom Farley said earlier today that his company, Bullish, had purchased 100% of crypto-focused […]
The post CoinDesk purchased by former NYSE president appeared first on ReadWrite. : Investors have their eye on Nvidia, which will report third-quarter earnings tomorrow amid a wildly successful year so far. : All three benchmark indexes surged, with the Dow and the S&P 500 on track to notch their best monthly performance in over a year. : Apple Inc <a href=""https://www.reuters.com/markets/companies/AAPL.O"" target=""_blank"">(AAPL.O)</a> has been sued by Venmo and Cash App customers in a proposed class action claiming the iPhone maker abused its market power to curb competition for mobile peer-to… : On Saturday, Nov 18, Nigerian bitcoin mining company, Trojan Mining, announced their new 500KW hydro-powered bitcoin mining facility. : Bitcoin remains above the $36,000 mark despite a recent announcement from the US Securities and Exchange Commission (SEC) to delay the approval process for several spot Bitcoin ETF applications. On November 17, the SEC filed extensions for its decision-making…"
15,2023-11-21,"Investors are looking for clues about the strength of the latest rally, and are assessing the outlook for rates as markets head into year-end. : The Kinsing threat actors are actively exploiting a critical security flaw in vulnerable Apache ActiveMQ servers to infect Linux systems with cryptocurrency miners and rootkits.
""Once Kinsing infects a system, it deploys a cryptocurrency mining script that ex… : According to surveys of financial advisors, only 12% are currently recommending that clients invest in Bitcoin, while 47% of advisors personally own Bitcoin and a whopping 77% say they are waiting for a spot Bitcoin ETF to become available so they can offer i… : Bitcoin price reached new highs, supported by Ordinals and Inscriptions. The number of addresses in profit continued to rise. As Bitcoin[BTC] continues to rally after recovering from a beari The post Bitcoin prices reach new highs - Will this trend continue? …"
16,2023-11-22,"Nearly ten years after its infamous collapse, the Mt. Gox cryptocurrency exchange saga may finally be nearing resolution. According to […]
The post Mt. Gox bankruptcy saga inches closer to creditor repayment appeared first on ReadWrite. : Stocks were higher on Wednesday as investors prepared to wind down trading for Thanksgiving. Jobless claims fell to a five-week low. : The final reading of University of Michigan consumer sentiment survey showed that year-ahead expectations for inflation ticked up to 4.5%."
17,2023-11-23,"Since its inception, cryptocurrency has transformed from a niche segment for tech enthusiasts to a mainstream financial tool. As the […]
The post Cryptocurrency and Taxes: What Tech Entrepreneurs Need to Know appeared first on ReadWrite."
18,2023-11-24,"Lesser-known cryptos are more speculative and unpredictable, before you buy look at the top 50 cryptocurrencies to hedge your investments."
19,2023-11-25,"The remote Himalayan kingdom has never publicly announced its Bitcoin operations, but it has been seeking to diversify its economy. : A Bitcoin transaction on Thursday has set a new record for the highest transaction fee ever paid, amounting to a […]
The post Bitcoin’s largest ever transaction fee: $3.1M mistake or intentional? appeared first on ReadWrite."
20,2023-11-27,"Bitcoin Minetrix is a crypto project aiming to bring Bitcoin mining to the masses using an innovative feature called stake-to-mine. […]
The post How to Buy Bitcoin Minetrix in 2023 – Complete Guide appeared first on ReadWrite. : The Bitcoin ETF token (BTCETF) is a new crypto rapidly gaining popularity, primarily due to the excitement surrounding the launch […]
The post How To Buy Bitcoin ETF Token – Complete Guide appeared first on ReadWrite. : ""I would not look at strong Black Friday numbers as something the Fed has to panic about,"" Fundstrat's Tom Lee said in a Monday note. : Cyber Monday sales are expected to hit a record $12.0 billion to $12.4 billion, according to an estimate from Adobe Analytics."
21,2023-11-28,"ICOs are the best way to invest in brand-new cryptocurrencies before they explode. Ethereum, Filecoin, Chainlink, and many other billion-dollar […]
The post 13 Best ICOs to Invest in 2023  appeared first on ReadWrite. : Cyber police carry out raids to dismantle gang responsible for hacking hundreds of organisations. : ""Our intermediate-term trend-following indicators support a bullish bias for the next several weeks,"" Fairlead Strategies' Katie Stockton said."
22,2023-11-29,"After crashes, scandals, and SBF’s guilty verdict, many hoped the crypto industry would grow up. Speculation around the arrival of a spot bitcoin ETF shows old hype dies hard. : The ""Oracle of Pasadena"" leaves behind decades' worth of zingers, including savage takedowns of bitcoin and other cryptocurrencies. : As billions face water shortages, a new study warns of the cryptocurrency's thirst for water. : A team of researchers was able to make ChatGPT reveal some of the bits of data it has been trained on by using a simple prompt: asking the chatbot to repeat random words forever. In response, ChatGPT churned out people’s private information including email ad… : The legendary vice chair of Berkshire Hathaway, who passed away at the age of 99, was unconvinced by ChatGPT-fuelled hype. : As billions face water shortages, a new study warns of the cryptocurrency's thirst for water. : ""Gold, silver, bitcoin really all should do well if the Fed is finished hiking rates and starting to cut."""
23,2023-11-30,"Business intelligence firm MicroStrategy has made a significant move in the cryptocurrency market, purchasing an additional 16,130 Bitcoins for approximately […]
The post MicroStrategy expands Bitcoin portfolio with $593M purchase appeared first on ReadWrite. : ZBD has teamed up with 1047 Games to enable players to play the Portal shooter Splitgate for Bitcoin prizes. : Coinbase is not only the second-largest cryptocurrency exchange globally, but it has a solid regulatory framework. Now a public entity […]
The post 10 New Upcoming Coinbase Listings to Watch in 2023 appeared first on ReadWrite. : Israel has been actively fighting against the financing of Iran-supported militant groups like Hamas and Hezbollah. A new aspect of this […]
The post Israel combats militant financing via cryptocurrency appeared first on ReadWrite. : Justine Calma / The Verge:
Analysis: crypto mining used ~1,600 gigaliters of water in 2021 when bitcoin peaked at $65K, or 16K liters per transaction, around 6.2M times a credit card  —  Bitcoin mines aren't just energy-hungry, it turns out they're thirsty, t… : The software firm added $593.3 million worth of bitcoin in November, as Michael Saylor looks to acquire as much bitcoin as possible."
24,2023-12-01,"Some crypto-linked names have gained over 250% this year, and bitcoin itself has climbed more than 130%."
25,2023-12-03,"Sunil Jagtiani / Bloomberg:
Bitcoin trades above $40K for the first time since May 2022 as it extends its 2023 rebound  —  - Expectations for first US spot Bitcoin ETFs propelling rally  — Crypto market also benefiting from hopes for Fed rate cuts  —  Bitcoin… : "
26,2023-12-04,"Nayib Bukele said if El Salvador sold all its bitcoin at current prices, it would recover 100% of its investment and see a profit more than $3,600,000. : Bitcoin has broken above $40,000 for the first time this year as it rides a wave of momentum on broad enthusiasm about U.S. interest rate cuts and as traders anticipate the imminent approval of U.S.-stockmarket traded bitcoin funds. : price hit a new all-time high of $44.03 early Monday as Bitcoin touched $42,000. The uptick in ORDI price comes amid rising total inscriptions on the Bitcoin network. ORDI could trade high if BTC continues on a bullish trajectory. As Bitcoin price rallied to … :  : "
